onet_soc_code,occupation_title,iwa_count,task_count,task_dwa_link_count,dwa_count,core_task_count,supplemental_task_count,unclassified_task_count,classified_task_count
11-9032.00,"Education Administrators, Kindergarten through Secondary",33,49,50,39,37,12,0,49
43-4121.00,"Library Assistants, Clerical",33,42,42,36,32,10,0,42
17-2141.00,Mechanical Engineers,30,38,39,32,23,15,0,38
43-6014.00,"Secretaries and Administrative Assistants, Except Legal, Medical, and Executive",30,43,43,36,28,15,0,43
49-3011.00,Aircraft Mechanics and Service Technicians,30,49,51,38,41,8,0,49
49-9071.00,"Maintenance and Repair Workers, General",30,38,39,38,30,8,0,38
51-4072.00,"Molding, Coremaking, and Casting Machine Setters, Operators, and Tenders, Metal and Plastic",30,43,47,41,14,29,0,43
11-1011.00,Chief Executives,28,40,42,35,25,15,0,40
11-9013.00,"Farmers, Ranchers, and Other Agricultural Managers",28,39,44,35,23,1,15,24
11-9051.00,Food Service Managers,28,35,36,32,24,11,0,35
11-9121.01,Clinical Research Coordinators,28,39,39,31,30,9,0,39
13-1041.01,Environmental Compliance Inspectors,28,40,42,33,24,16,0,40
17-3023.00,Electrical and Electronic Engineering Technologists and Technicians,28,41,41,30,31,4,6,35
19-3091.00,Anthropologists and Archeologists,28,37,37,30,23,14,0,37
21-1014.00,Mental Health Counselors,28,40,40,34,40,0,0,40
49-2022.00,"Telecommunications Equipment Installers and Repairers, Except Line Installers",28,43,44,35,27,16,0,43
11-3071.00,"Transportation, Storage, and Distribution Managers",27,39,42,32,34,0,5,34
11-9171.00,Funeral Home Managers,27,30,30,29,30,0,0,30
17-2121.00,Marine Engineers and Naval Architects,27,37,37,28,30,7,0,37
17-3024.00,Electro-Mechanical and Mechatronics Technologists and Technicians,27,37,37,29,16,19,2,35
25-3011.00,"Adult Basic Education, Adult Secondary Education, and English as a Second Language Instructors",27,44,46,38,36,8,0,44
29-1224.00,Radiologists,27,36,37,32,19,2,15,21
39-9041.00,Residential Advisors,27,35,35,30,24,11,0,35
15-1241.00,Computer Network Architects,26,41,43,35,37,4,0,41
17-3025.00,Environmental Engineering Technologists and Technicians,26,32,32,27,17,15,0,32
17-3026.00,Industrial Engineering Technologists and Technicians,26,36,36,29,6,1,29,7
19-4042.00,"Environmental Science and Protection Technicians, Including Health",26,31,32,29,25,6,0,31
21-1012.00,"Educational, Guidance, and Career Counselors and Advisors",26,50,52,35,28,22,0,50
25-1052.00,"Chemistry Teachers, Postsecondary",26,36,40,34,31,5,0,36
25-1066.00,"Psychology Teachers, Postsecondary",26,37,41,35,26,11,0,37
25-1123.00,"English Language and Literature Teachers, Postsecondary",26,41,47,38,29,12,0,41
25-4022.00,Librarians and Media Collections Specialists,26,35,36,30,30,3,2,33
29-2056.00,Veterinary Technologists and Technicians,26,38,41,35,37,1,0,38
47-5032.00,"Explosives Workers, Ordnance Handling Experts, and Blasters",26,38,38,27,26,7,5,33
49-9031.00,Home Appliance Repairers,26,39,39,31,33,6,0,39
51-4041.00,Machinists,26,36,38,31,22,14,0,36
11-2011.00,Advertising and Promotions Managers,25,37,39,33,16,10,11,26
11-3013.01,Security Managers,25,41,42,27,41,0,0,41
11-3051.00,Industrial Production Managers,25,32,33,31,22,1,9,23
11-9031.00,"Education and Childcare Administrators, Preschool and Daycare",25,28,29,27,25,3,0,28
11-9033.00,"Education Administrators, Postsecondary",25,37,41,33,16,21,0,37
11-9081.00,Lodging Managers,25,32,34,29,30,2,0,32
13-1031.00,"Claims Adjusters, Examiners, and Investigators",25,34,34,26,25,6,3,31
17-2081.00,Environmental Engineers,25,36,37,27,34,2,0,36
17-2112.03,Manufacturing Engineers,25,30,31,28,29,1,0,30
17-2199.06,Microsystems Engineers,25,35,35,29,9,20,6,29
29-1141.00,Registered Nurses,25,38,41,37,21,17,0,38
29-1141.04,Clinical Nurse Specialists,25,35,36,27,35,0,0,35
29-9099.01,Midwives,25,47,48,31,45,2,0,47
33-1021.00,First-Line Supervisors of Firefighting and Prevention Workers,25,46,48,32,32,3,11,35
33-1091.00,First-Line Supervisors of Security Workers,25,34,39,37,30,4,0,34
43-4031.00,"Court, Municipal, and License Clerks",25,37,37,28,30,3,4,33
47-2031.00,Carpenters,25,36,40,33,19,17,0,36
49-9021.00,"Heating, Air Conditioning, and Refrigeration Mechanics and Installers",25,39,40,29,34,2,3,36
51-4031.00,"Cutting, Punching, and Press Machine Setters, Operators, and Tenders, Metal and Plastic",25,41,45,36,13,28,0,41
51-4122.00,"Welding, Soldering, and Brazing Machine Setters, Operators, and Tenders",25,39,43,35,26,13,0,39
51-9061.00,"Inspectors, Testers, Sorters, Samplers, and Weighers",25,38,40,31,16,22,0,38
11-1031.00,Legislators,24,33,34,27,0,0,33,0
11-9021.00,Construction Managers,24,32,34,26,29,3,0,32
11-9111.00,Medical and Health Services Managers,24,28,31,27,26,2,0,28
11-9121.00,Natural Sciences Managers,24,29,31,28,26,3,0,29
15-1241.01,Telecommunications Engineering Specialists,24,31,33,28,24,7,0,31
15-1299.01,Web Administrators,24,47,48,33,46,1,0,47
17-2071.00,Electrical Engineers,24,30,32,29,22,8,0,30
17-2131.00,Materials Engineers,24,26,27,25,25,1,0,26
17-2141.01,Fuel Cell Engineers,24,30,30,28,28,2,0,30
17-2151.00,"Mining and Geological Engineers, Including Mining Safety Engineers",24,29,30,25,16,13,0,29
17-2171.00,Petroleum Engineers,24,26,27,25,15,11,0,26
19-2043.00,Hydrologists,24,35,35,29,30,5,0,35
25-2012.00,"Kindergarten Teachers, Except Special Education",24,47,51,38,46,1,0,47
25-2021.00,"Elementary School Teachers, Except Special Education",24,46,49,38,44,2,0,46
25-2022.00,"Middle School Teachers, Except Special and Career/Technical Education",24,43,46,36,40,3,0,43
25-2032.00,"Career/Technical Education Teachers, Secondary School",24,40,43,35,39,1,0,40
25-3021.00,Self-Enrichment Teachers,24,35,37,33,23,12,0,35
25-4031.00,Library Technicians,24,34,36,27,19,15,0,34
29-1051.00,Pharmacists,24,27,28,25,20,7,0,27
29-1123.00,Physical Therapists,24,36,36,27,35,1,0,36
29-1124.00,Radiation Therapists,24,29,31,28,24,5,0,29
29-1129.01,Art Therapists,24,33,35,29,27,6,0,33
29-1141.03,Critical Care Nurses,24,35,40,33,35,0,0,35
29-1181.00,Audiologists,24,30,30,26,30,0,0,30
29-2032.00,Diagnostic Medical Sonographers,24,34,37,31,31,3,0,34
33-2021.00,Fire Inspectors and Investigators,24,35,37,30,24,11,0,35
39-9032.00,Recreation Workers,24,31,31,24,24,7,0,31
41-3031.00,"Securities, Commodities, and Financial Services Sales Agents",24,38,39,27,28,5,5,33
43-3021.00,Billing and Posting Clerks,24,33,34,27,14,11,8,25
43-9061.00,"Office Clerks, General",24,27,28,27,17,10,0,27
47-5023.00,"Earth Drillers, Except Oil and Gas",24,34,35,26,16,17,1,33
51-4121.00,"Welders, Cutters, Solderers, and Brazers",24,42,42,30,31,10,1,41
51-4193.00,"Plating Machine Setters, Operators, and Tenders, Metal and Plastic",24,40,41,31,12,28,0,40
51-6061.00,Textile Bleaching and Dyeing Machine Operators and Tenders,24,29,29,27,12,17,0,29
51-9071.00,Jewelers and Precious Stone and Metal Workers,24,41,43,32,28,13,0,41
11-1011.03,Chief Sustainability Officers,23,27,27,23,27,0,0,27
11-3012.00,Administrative Services Managers,23,23,23,23,7,3,13,10
11-9161.00,Emergency Management Directors,23,29,30,24,25,4,0,29
13-2072.00,Loan Officers,23,32,32,25,15,3,14,18
15-1253.00,Software Quality Assurance Analysts and Testers,23,40,41,26,36,0,4,36
15-1255.00,Web and Digital Interface Designers,23,43,44,27,0,0,43,0
17-2031.00,Bioengineers and Biomedical Engineers,23,33,33,23,26,7,0,33
17-2051.01,Transportation Engineers,23,28,29,26,25,3,0,28
17-2072.00,"Electronics Engineers, Except Computer",23,26,26,23,18,8,0,26
19-2041.03,Industrial Ecologists,23,44,44,27,35,9,0,44
19-2042.00,"Geoscientists, Except Hydrologists and Geographers",23,41,41,29,19,22,0,41
25-1022.00,"Mathematical Science Teachers, Postsecondary",23,29,33,29,15,14,0,29
25-1061.00,"Anthropology and Archeology Teachers, Postsecondary",23,33,38,31,31,2,0,33
25-1072.00,"Nursing Instructors and Teachers, Postsecondary",23,34,38,31,25,9,0,34
25-2058.00,"Special Education Teachers, Secondary School",23,48,51,35,38,10,0,48
27-1013.00,"Fine Artists, Including Painters, Sculptors, and Illustrators",23,33,33,25,11,22,0,33
29-1031.00,Dietitians and Nutritionists,23,35,39,30,17,18,0,35
29-1141.01,Acute Care Nurses,23,32,32,28,26,6,0,32
29-2034.00,Radiologic Technologists and Technicians,23,38,38,28,35,0,3,35
29-2061.00,Licensed Practical and Licensed Vocational Nurses,23,33,35,28,22,11,0,33
31-9096.00,Veterinary Assistants and Laboratory Animal Caretakers,23,36,36,28,33,3,0,36
41-4011.00,"Sales Representatives, Wholesale and Manufacturing, Technical and Scientific Products",23,39,39,30,26,13,0,39
41-9022.00,Real Estate Sales Agents,23,37,37,25,26,11,0,37
49-3042.00,"Mobile Heavy Equipment Mechanics, Except Engines",23,31,33,27,31,0,0,31
51-2011.00,"Aircraft Structure, Surfaces, Rigging, and Systems Assemblers",23,35,37,27,14,21,0,35
51-9032.00,"Cutting and Slicing Machine Setters, Operators, and Tenders",23,36,37,28,22,14,0,36
51-9198.00,Helpers--Production Workers,23,35,38,26,13,22,0,35
11-3051.01,Quality Control Systems Managers,22,31,32,27,30,1,0,31
11-3121.00,Human Resources Managers,22,35,37,27,32,3,0,35
11-9199.02,Compliance Managers,22,37,40,31,25,12,0,37
11-9199.08,Loss Prevention Managers,22,30,31,26,29,1,0,30
13-1199.07,Security Management Specialists,22,28,28,23,24,4,0,28
15-1211.00,Computer Systems Analysts,22,29,29,26,24,5,0,29
17-2111.00,"Health and Safety Engineers, Except Mining Safety Engineers and Inspectors",22,32,33,25,25,3,4,28
17-2141.02,Automotive Engineers,22,30,30,24,30,0,0,30
17-2199.05,Mechatronics Engineers,22,30,30,24,21,9,0,30
19-1031.03,Park Naturalists,22,27,32,28,23,4,0,27
19-3051.00,Urban and Regional Planners,22,27,27,23,20,0,7,20
19-4099.01,Quality Control Analysts,22,27,27,24,22,5,0,27
19-5011.00,Occupational Health and Safety Specialists,22,30,32,24,25,5,0,30
21-1094.00,Community Health Workers,22,32,33,25,10,22,0,32
25-1042.00,"Biological Science Teachers, Postsecondary",22,32,35,31,27,5,0,32
25-1051.00,"Atmospheric, Earth, Marine, and Space Sciences Teachers, Postsecondary",22,31,35,29,16,15,0,31
25-1121.00,"Art, Drama, and Music Teachers, Postsecondary",22,32,36,30,23,9,0,32
25-2023.00,"Career/Technical Education Teachers, Middle School",22,38,41,33,38,0,0,38
25-2031.00,"Secondary School Teachers, Except Special and Career/Technical Education",22,39,42,33,35,4,0,39
25-2057.00,"Special Education Teachers, Middle School",22,50,54,38,42,8,0,50
27-4011.00,Audio and Video Technicians,22,34,34,27,13,21,0,34
29-1127.00,Speech-Language Pathologists,22,34,36,26,26,8,0,34
29-1171.00,Nurse Practitioners,22,35,36,27,35,0,0,35
29-1229.06,Sports Medicine Physicians,22,37,40,28,36,1,0,37
39-1013.00,First-Line Supervisors of Gambling Services Workers,22,39,40,26,26,8,5,34
41-9031.00,Sales Engineers,22,30,31,25,24,6,0,30
47-2061.00,Construction Laborers,22,36,39,33,11,25,0,36
47-2152.00,"Plumbers, Pipefitters, and Steamfitters",22,37,38,26,31,6,0,37
49-1011.00,"First-Line Supervisors of Mechanics, Installers, and Repairers",22,26,27,23,21,5,0,26
49-2092.00,"Electric Motor, Power Tool, and Related Repairers",22,37,38,33,15,22,0,37
49-9092.00,Commercial Divers,22,30,30,24,26,4,0,30
51-4194.00,"Tool Grinders, Filers, and Sharpeners",22,27,29,27,19,8,0,27
51-8021.00,Stationary Engineers and Boiler Operators,22,33,34,29,26,7,0,33
51-9141.00,Semiconductor Processing Technicians,22,30,32,27,11,19,0,30
53-3032.00,Heavy and Tractor-Trailer Truck Drivers,22,32,34,28,23,9,0,32
53-7065.00,Stockers and Order Fillers,22,34,34,26,28,6,0,34
11-2032.00,Public Relations Managers,21,26,27,23,0,0,26,0
11-3031.01,Treasurers and Controllers,21,30,31,26,21,9,0,30
11-3031.03,Investment Fund Managers,21,27,28,23,21,6,0,27
11-3051.04,Biomass Power Plant Managers,21,27,29,24,19,8,0,27
11-9041.00,Architectural and Engineering Managers,21,29,31,25,21,8,0,29
11-9071.00,Gambling Managers,21,23,23,22,16,7,0,23
11-9199.01,Regulatory Affairs Managers,21,34,37,28,32,2,0,34
13-1041.07,Regulatory Affairs Specialists,21,36,36,23,30,6,0,36
15-1244.00,Network and Computer Systems Administrators,21,30,34,26,25,5,0,30
15-1254.00,Web Developers,21,36,37,26,27,6,3,33
15-1299.02,Geographic Information Systems Technologists and Technicians,21,40,40,25,34,2,4,36
15-1299.08,Computer Systems Engineers/Architects,21,35,37,30,34,1,0,35
19-1031.00,Conservation Scientists,21,34,34,24,33,1,0,34
19-2021.00,Atmospheric and Space Scientists,21,33,34,27,24,9,0,33
19-4043.00,"Geological Technicians, Except Hydrologic Technicians",21,33,33,25,14,13,6,27
25-1032.00,"Engineering Teachers, Postsecondary",21,29,33,29,22,7,0,29
25-1043.00,"Forestry and Conservation Science Teachers, Postsecondary",21,30,34,28,26,4,0,30
25-1053.00,"Environmental Science Teachers, Postsecondary",21,30,34,28,26,4,0,30
25-1054.00,"Physics Teachers, Postsecondary",21,29,32,28,24,5,0,29
25-1064.00,"Geography Teachers, Postsecondary",21,30,34,29,24,6,0,30
25-1081.00,"Education Teachers, Postsecondary",21,30,34,28,23,7,0,30
25-1124.00,"Foreign Language and Literature Teachers, Postsecondary",21,29,32,27,25,4,0,29
25-1192.00,"Family and Consumer Sciences Teachers, Postsecondary",21,28,31,27,20,8,0,28
25-2011.00,"Preschool Teachers, Except Special Education",21,40,42,32,38,2,0,40
25-4013.00,Museum Technicians and Conservators,21,31,33,26,17,14,0,31
29-1128.00,Exercise Physiologists,21,29,29,25,29,0,0,29
29-1131.00,Veterinarians,21,26,28,25,19,7,0,26
29-1151.00,Nurse Anesthetists,21,36,40,27,36,0,0,36
29-1212.00,Cardiologists,21,31,31,25,0,0,31,0
29-1217.00,Neurologists,21,30,30,23,28,2,0,30
29-2031.00,Cardiovascular Technologists and Technicians,21,32,33,27,16,16,0,32
29-2036.00,Medical Dosimetrists,21,33,46,31,28,5,0,33
29-9091.00,Athletic Trainers,21,32,35,26,28,4,0,32
31-2011.00,Occupational Therapy Assistants,21,30,31,24,29,1,0,30
31-9092.00,Medical Assistants,21,28,29,25,27,1,0,28
33-3012.00,Correctional Officers and Jailers,21,29,33,30,23,6,0,29
33-3051.00,Police and Sheriff's Patrol Officers,21,40,41,33,37,3,0,40
37-1012.00,"First-Line Supervisors of Landscaping, Lawn Service, and Groundskeeping Workers",21,31,32,22,30,1,0,31
41-1011.00,First-Line Supervisors of Retail Sales Workers,21,30,30,21,21,9,0,30
41-4012.00,"Sales Representatives, Wholesale and Manufacturing, Except Technical and Scientific Products",21,28,29,26,14,14,0,28
43-6011.00,Executive Secretaries and Executive Administrative Assistants,21,30,32,26,19,11,0,30
47-5012.00,"Rotary Drill Operators, Oil and Gas",21,25,25,21,21,4,0,25
49-2011.00,"Computer, Automated Teller, and Office Machine Repairers",21,30,32,29,29,1,0,30
49-3023.00,Automotive Service Technicians and Mechanics,21,43,46,30,38,3,2,41
51-5112.00,Printing Press Operators,21,29,30,24,23,6,0,29
51-6064.00,"Textile Winding, Twisting, and Drawing Out Machine Setters, Operators, and Tenders",21,29,30,25,11,18,0,29
51-7042.00,"Woodworking Machine Setters, Operators, and Tenders, Except Sawing",21,33,34,28,28,5,0,33
51-9011.00,Chemical Equipment Operators and Tenders,21,26,29,25,26,0,0,26
51-9041.00,"Extruding, Forming, Pressing, and Compacting Machine Setters, Operators, and Tenders",21,35,39,33,15,20,0,35
53-1042.00,"First-Line Supervisors of Helpers, Laborers, and Material Movers, Hand",21,26,26,22,20,6,0,26
53-1043.00,First-Line Supervisors of Material-Moving Machine and Vehicle Operators,21,27,29,25,21,3,3,24
53-5021.00,"Captains, Mates, and Pilots of Water Vessels",21,31,33,25,25,5,1,30
53-7011.00,Conveyor Operators and Tenders,21,29,31,26,8,21,0,29
11-2033.00,Fundraising Managers,20,22,23,22,18,4,0,22
11-3021.00,Computer and Information Systems Managers,20,25,27,24,24,1,0,25
11-3111.00,Compensation and Benefits Managers,20,29,31,24,19,10,0,29
11-9121.02,Water Resource Specialists,20,26,26,20,25,1,0,26
11-9141.00,"Property, Real Estate, and Community Association Managers",20,32,34,26,20,12,0,32
11-9151.00,Social and Community Service Managers,20,21,22,22,17,4,0,21
11-9179.02,Spa Managers,20,23,23,20,23,0,0,23
13-1121.00,"Meeting, Convention, and Event Planners",20,26,26,20,19,7,0,26
13-2051.00,Financial and Investment Analysts,20,31,32,25,0,0,31,0
13-2054.00,Financial Risk Specialists,20,34,35,24,0,0,34,0
17-3027.00,Mechanical Engineering Technologists and Technicians,20,38,38,27,24,8,6,32
17-3029.08,Photonics Technicians,20,30,30,23,15,15,0,30
19-1029.04,Biologists,20,30,31,27,19,11,0,30
25-1011.00,"Business Teachers, Postsecondary",20,31,36,29,24,7,0,31
25-1021.00,"Computer Science Teachers, Postsecondary",20,31,34,28,20,11,0,31
25-1067.00,"Sociology Teachers, Postsecondary",20,29,34,28,25,4,0,29
25-1082.00,"Library Science Teachers, Postsecondary",20,31,35,30,28,3,0,31
25-1111.00,"Criminal Justice and Law Enforcement Teachers, Postsecondary",20,28,31,26,21,7,0,28
25-1113.00,"Social Work Teachers, Postsecondary",20,29,33,28,24,5,0,29
25-1125.00,"History Teachers, Postsecondary",20,30,33,28,24,6,0,30
25-1193.00,"Recreation and Fitness Studies Teachers, Postsecondary",20,27,30,26,23,4,0,27
25-2051.00,"Special Education Teachers, Preschool",20,42,43,29,40,2,0,42
27-1027.00,Set and Exhibit Designers,20,32,32,22,22,10,0,32
27-2012.00,Producers and Directors,20,34,35,26,17,13,4,30
27-4021.00,Photographers,20,31,32,22,21,10,0,31
29-1122.00,Occupational Therapists,20,23,24,22,22,1,0,23
29-1126.00,Respiratory Therapists,20,31,32,25,29,2,0,31
31-1131.00,Nursing Assistants,20,35,38,26,28,7,0,35
33-2011.00,Firefighters,20,33,37,27,30,0,3,30
33-3031.00,Fish and Game Wardens,20,28,28,22,24,4,0,28
33-3041.00,Parking Enforcement Workers,20,27,27,23,21,6,0,27
35-1012.00,First-Line Supervisors of Food Preparation and Serving Workers,20,29,30,23,16,13,0,29
39-7011.00,Tour Guides and Escorts,20,24,24,21,8,16,0,24
39-9011.00,Childcare Workers,20,27,27,23,20,7,0,27
41-1012.00,First-Line Supervisors of Non-Retail Sales Workers,20,23,24,21,12,11,0,23
41-2031.00,Retail Salespersons,20,29,29,24,18,11,0,29
43-1011.00,First-Line Supervisors of Office and Administrative Support Workers,20,30,31,22,21,9,0,30
43-4151.00,Order Clerks,20,21,22,22,11,10,0,21
43-5011.00,Cargo and Freight Agents,20,27,28,24,10,17,0,27
47-2053.00,Terrazzo Workers and Finishers,20,38,40,27,25,13,0,38
47-3013.00,Helpers--Electricians,20,33,34,22,26,7,0,33
47-5044.00,"Loading and Moving Machine Operators, Underground Mining",20,31,32,24,20,11,0,31
49-3043.00,Rail Car Repairers,20,26,28,25,15,11,0,26
49-3092.00,Recreational Vehicle Service Technicians,20,25,25,23,24,1,0,25
49-9062.00,Medical Equipment Repairers,20,26,27,26,22,4,0,26
51-9012.00,"Separating, Filtering, Clarifying, Precipitating, and Still Machine Setters, Operators, and Tenders",20,26,28,24,18,8,0,26
51-9124.00,"Coating, Painting, and Spraying Machine Setters, Operators, and Tenders",20,35,38,27,20,7,8,27
53-5011.00,Sailors and Marine Oilers,20,33,34,23,23,10,0,33
53-7121.00,"Tank Car, Truck, and Ship Loaders",20,24,24,23,11,13,0,24
11-3061.00,Purchasing Managers,19,25,26,23,25,0,0,25
11-3071.04,Supply Chain Managers,19,37,38,23,32,5,0,37
11-9072.00,"Entertainment and Recreation Managers, Except Gambling",19,22,24,22,18,4,0,22
11-9179.01,Fitness and Wellness Coordinators,19,27,27,22,25,2,0,27
13-1131.00,Fundraisers,19,28,30,22,24,4,0,28
13-2099.04,"Fraud Examiners, Investigators and Analysts",19,28,29,21,25,3,0,28
15-1299.05,Information Security Engineers,19,26,26,21,26,0,0,26
15-1299.06,Digital Forensics Analysts,19,25,26,20,0,0,25,0
15-2041.01,Biostatisticians,19,28,30,21,28,0,0,28
15-2051.02,Clinical Data Managers,19,26,26,21,24,2,0,26
17-2051.02,Water/Wastewater Engineers,19,32,32,21,31,1,0,32
17-2072.01,Radio Frequency Identification Device Specialists,19,23,23,20,23,0,0,23
17-2112.02,Validation Engineers,19,23,23,19,22,1,0,23
17-2199.07,Photonics Engineers,19,33,35,21,24,9,0,33
17-2199.08,Robotics Engineers,19,28,28,20,24,4,0,28
17-2199.09,Nanosystems Engineers,19,28,28,21,20,8,0,28
17-3011.00,Architectural and Civil Drafters,19,37,37,25,26,3,8,29
19-1032.00,Foresters,19,30,31,24,17,13,0,30
19-2041.02,Environmental Restoration Planners,19,26,27,23,26,0,0,26
19-2099.01,Remote Sensing Scientists and Technologists,19,25,29,24,25,0,0,25
19-3033.00,Clinical and Counseling Psychologists,19,36,36,22,31,5,0,36
19-4012.00,Agricultural Technicians,19,28,28,22,11,17,0,28
19-5012.00,Occupational Health and Safety Technicians,19,30,31,21,21,9,0,30
21-1011.00,Substance Abuse and Behavioral Disorder Counselors,19,29,29,22,28,1,0,29
21-1093.00,Social and Human Service Assistants,19,24,24,20,11,13,0,24
21-2021.00,"Directors, Religious Activities and Education",19,25,27,21,22,3,0,25
25-1031.00,"Architecture Teachers, Postsecondary",19,26,29,25,23,3,0,26
25-1041.00,"Agricultural Sciences Teachers, Postsecondary",19,27,31,26,26,1,0,27
25-1062.00,"Area, Ethnic, and Cultural Studies Teachers, Postsecondary",19,27,30,26,26,1,0,27
25-1063.00,"Economics Teachers, Postsecondary",19,26,29,25,23,3,0,26
25-1065.00,"Political Science Teachers, Postsecondary",19,26,29,25,23,3,0,26
25-1071.00,"Health Specialties Teachers, Postsecondary",19,26,29,25,21,5,0,26
25-1112.00,"Law Teachers, Postsecondary",19,27,30,26,20,7,0,27
25-1122.00,"Communications Teachers, Postsecondary",19,26,29,25,21,5,0,26
25-1126.00,"Philosophy and Religion Teachers, Postsecondary",19,26,29,24,25,1,0,26
25-9021.00,Farm and Home Management Educators,19,19,21,21,14,5,0,19
25-9042.00,"Teaching Assistants, Preschool, Elementary, Middle, and Secondary School, Except Special Education",19,31,33,26,21,10,0,31
25-9043.00,"Teaching Assistants, Special Education",19,33,34,27,22,11,0,33
29-1129.02,Music Therapists,19,33,34,26,33,0,0,33
29-1141.02,Advanced Practice Psychiatric Nurses,19,26,26,22,21,5,0,26
29-1221.00,"Pediatricians, General",19,24,26,23,19,5,0,24
29-1243.00,Pediatric Surgeons,19,22,24,22,0,0,22,0
29-2033.00,Nuclear Medicine Technologists,19,23,24,21,19,4,0,23
29-2035.00,Magnetic Resonance Imaging Technologists,19,28,29,25,24,4,0,28
29-9092.00,Genetic Counselors,19,25,28,24,25,0,0,25
31-2012.00,Occupational Therapy Aides,19,23,24,22,20,3,0,23
31-2021.00,Physical Therapist Assistants,19,29,31,26,26,3,0,29
31-2022.00,Physical Therapist Aides,19,23,23,20,17,6,0,23
31-9097.00,Phlebotomists,19,26,29,21,19,7,0,26
33-1011.00,First-Line Supervisors of Correctional Officers,19,27,27,22,27,0,0,27
33-3021.00,Detectives and Criminal Investigators,19,36,39,26,36,0,0,36
37-1011.00,First-Line Supervisors of Housekeeping and Janitorial Workers,19,28,28,21,25,3,0,28
39-2021.00,Animal Caretakers,19,28,29,22,15,13,0,28
39-3092.00,Costume Attendants,19,25,25,21,17,8,0,25
39-3093.00,"Locker Room, Coatroom, and Dressing Room Attendants",19,25,25,22,9,16,0,25
43-2011.00,"Switchboard Operators, Including Answering Service",19,24,24,20,17,7,0,24
43-4081.00,"Hotel, Motel, and Resort Desk Clerks",19,24,24,20,22,2,0,24
43-5051.00,Postal Service Clerks,19,23,23,21,7,16,0,23
43-5111.00,"Weighers, Measurers, Checkers, and Samplers, Recordkeeping",19,21,21,20,9,12,0,21
43-9051.00,"Mail Clerks and Mail Machine Operators, Except Postal Service",19,29,29,22,9,20,0,29
45-2092.00,"Farmworkers and Laborers, Crop, Nursery, and Greenhouse",19,31,31,23,13,17,1,30
47-2044.00,Tile and Stone Setters,19,40,40,26,32,8,0,40
47-2051.00,Cement Masons and Concrete Finishers,19,37,39,26,27,10,0,37
47-2073.00,Operating Engineers and Other Construction Equipment Operators,19,29,29,22,20,9,0,29
47-2121.00,Glaziers,19,37,39,27,31,6,0,37
49-2021.00,"Radio, Cellular, and Tower Equipment Installers and Repairers",19,40,41,31,15,7,18,22
49-2094.00,"Electrical and Electronics Repairers, Commercial and Industrial Equipment",19,24,25,24,23,1,0,24
49-3021.00,Automotive Body and Related Repairers,19,34,34,22,29,5,0,34
49-3031.00,Bus and Truck Mechanics and Diesel Engine Specialists,19,38,38,25,35,3,0,38
49-9011.00,Mechanical Door Repairers,19,26,28,26,19,7,0,26
49-9043.00,"Maintenance Workers, Machinery",19,22,23,22,20,2,0,22
49-9095.00,Manufactured Building and Mobile Home Installers,19,23,23,21,20,3,0,23
51-4023.00,"Rolling Machine Setters, Operators, and Tenders, Metal and Plastic",19,25,28,26,20,5,0,25
51-6041.00,Shoe and Leather Workers and Repairers,19,33,35,24,10,23,0,33
51-7032.00,"Patternmakers, Wood",19,23,23,22,22,1,0,23
51-7041.00,"Sawing Machine Setters, Operators, and Tenders, Wood",19,29,33,30,14,15,0,29
51-8093.00,"Petroleum Pump System Operators, Refinery Operators, and Gaugers",19,27,27,24,19,8,0,27
51-9022.00,"Grinding and Polishing Workers, Hand",19,21,22,22,17,4,0,21
51-9111.00,Packaging and Filling Machine Operators and Tenders,19,28,29,22,28,0,0,28
51-9194.00,Etchers and Engravers,19,31,32,23,4,27,0,31
51-9195.00,"Molders, Shapers, and Casters, Except Metal and Plastic",19,30,31,26,2,26,2,28
51-9195.05,"Potters, Manufacturing",19,27,27,23,22,5,0,27
11-9199.11,Brownfield Redevelopment Specialists and Site Managers,18,30,30,19,26,4,0,30
13-1081.00,Logisticians,18,23,24,20,23,0,0,23
13-1082.00,Project Management Specialists,18,22,22,19,0,0,22,0
13-1199.06,Online Merchants,18,36,36,18,25,11,0,36
13-2081.00,"Tax Examiners and Collectors, and Revenue Agents",18,24,25,19,6,18,0,24
15-1242.00,Database Administrators,18,27,27,21,23,4,0,27
15-1243.00,Database Architects,18,34,35,25,33,1,0,34
17-2112.00,Industrial Engineers,18,24,24,21,22,2,0,24
17-2161.00,Nuclear Engineers,18,21,22,20,21,0,0,21
17-3012.00,Electrical and Electronics Drafters,18,33,33,19,20,10,3,30
17-3026.01,Nanotechnology Engineering Technologists and Technicians,18,26,26,19,20,6,0,26
17-3028.00,Calibration Technologists and Technicians,18,18,18,18,0,0,18,0
19-1029.02,Molecular and Cellular Biologists,18,24,26,25,21,3,0,24
19-1029.03,Geneticists,18,26,27,20,21,5,0,26
19-3099.01,Transportation Planners,18,25,25,21,23,2,0,25
19-4044.00,Hydrologic Technicians,18,20,20,18,0,0,20,0
21-1021.00,"Child, Family, and School Social Workers",18,30,35,27,18,12,0,30
25-2055.00,"Special Education Teachers, Kindergarten",18,35,38,28,0,0,35,0
25-4012.00,Curators,18,20,22,20,17,3,0,20
29-1161.00,Nurse Midwives,18,25,28,23,24,1,0,25
29-2011.01,Cytogenetic Technologists,18,34,35,20,31,3,0,34
29-9021.00,Health Information Technologists and Medical Registrars,18,21,23,22,0,0,21,0
33-1012.00,First-Line Supervisors of Police and Detectives,18,24,26,22,21,3,0,24
39-1014.00,"First-Line Supervisors of Entertainment and Recreation Workers, Except Gambling Services",18,23,23,19,0,0,23,0
39-5012.00,"Hairdressers, Hairstylists, and Cosmetologists",18,28,30,22,19,9,0,28
41-2011.00,Cashiers,18,35,36,23,14,21,0,35
43-3031.00,"Bookkeeping, Accounting, and Auditing Clerks",18,32,32,20,15,17,0,32
43-3061.00,Procurement Clerks,18,24,24,19,19,5,0,24
43-3071.00,Tellers,18,37,37,21,24,13,0,37
43-4171.00,Receptionists and Information Clerks,18,22,22,20,14,8,0,22
43-5031.00,Public Safety Telecommunicators,18,23,23,19,21,2,0,23
43-9041.00,Insurance Claims and Policy Processing Clerks,18,28,28,21,16,7,5,23
45-1011.00,"First-Line Supervisors of Farming, Fishing, and Forestry Workers",18,31,31,22,27,0,4,27
47-2211.00,Sheet Metal Workers,18,24,24,20,17,7,0,24
49-3041.00,Farm Equipment Mechanics and Service Technicians,18,22,23,23,19,3,0,22
49-9012.00,"Control and Valve Installers and Repairers, Except Mechanical Door",18,39,40,29,4,35,0,39
49-9041.00,Industrial Machinery Mechanics,18,21,23,22,20,1,0,21
49-9044.00,Millwrights,18,31,33,24,30,1,0,31
49-9098.00,"Helpers--Installation, Maintenance, and Repair Workers",18,23,25,24,21,2,0,23
51-1011.00,First-Line Supervisors of Production and Operating Workers,18,22,22,18,22,0,0,22
51-2022.00,Electrical and Electronic Equipment Assemblers,18,22,24,20,12,10,0,22
51-3092.00,Food Batchmakers,18,31,33,21,18,13,0,31
51-4081.00,"Multiple Machine Tool Setters, Operators, and Tenders, Metal and Plastic",18,28,34,31,25,3,0,28
51-4111.00,Tool and Die Makers,18,26,27,22,23,3,0,26
51-5113.00,Print Binding and Finishing Workers,18,29,30,22,17,12,0,29
51-6031.00,Sewing Machine Operators,18,33,33,26,22,11,0,33
51-6062.00,"Textile Cutting Machine Setters, Operators, and Tenders",18,25,27,21,13,12,0,25
51-6093.00,Upholsterers,18,26,28,22,15,11,0,26
51-8013.04,Hydroelectric Plant Technicians,18,25,27,20,25,0,0,25
51-9021.00,"Crushing, Grinding, and Polishing Machine Setters, Operators, and Tenders",18,22,24,22,14,8,0,22
51-9031.00,"Cutters and Trimmers, Hand",18,24,25,22,14,10,0,24
51-9161.00,Computer Numerically Controlled Tool Operators,18,33,36,25,29,4,0,33
53-2011.00,"Airline Pilots, Copilots, and Flight Engineers",18,27,28,21,19,8,0,27
53-2012.00,Commercial Pilots,18,26,26,18,20,6,0,26
53-6041.00,Traffic Technicians,18,26,26,19,3,23,0,26
11-1021.00,General and Operations Managers,17,26,28,20,14,12,0,26
13-1022.00,"Wholesale and Retail Buyers, Except Farm Products",17,23,24,20,12,11,0,23
13-1023.00,"Purchasing Agents, Except Wholesale, Retail, and Farm Products",17,23,24,19,21,2,0,23
13-1071.00,Human Resources Specialists,17,30,31,22,21,9,0,30
13-1081.02,Logistics Analysts,17,33,33,20,24,9,0,33
13-1199.04,Business Continuity Planners,17,25,25,20,22,3,0,25
13-2011.00,Accountants and Auditors,17,37,40,25,25,6,6,31
15-1221.00,Computer and Information Research Scientists,17,18,18,18,11,7,0,18
15-1232.00,Computer User Support Specialists,17,22,25,22,18,4,0,22
15-1299.03,Document Management Specialists,17,26,26,20,25,1,0,26
15-1299.09,Information Technology Project Managers,17,25,25,18,25,0,0,25
17-2021.00,Agricultural Engineers,17,20,20,18,18,2,0,20
17-2051.00,Civil Engineers,17,19,19,17,12,7,0,19
17-2061.00,Computer Hardware Engineers,17,22,22,17,19,3,0,22
17-2112.01,Human Factors Engineers and Ergonomists,17,27,28,19,27,0,0,27
17-3024.01,Robotics Technicians,17,27,28,18,20,7,0,27
17-3027.01,Automotive Engineering Technicians,17,20,20,17,20,0,0,20
19-2011.00,Astronomers,17,20,20,17,19,1,0,20
19-3011.01,Environmental Economists,17,25,26,21,22,3,0,25
19-4031.00,Chemical Technicians,17,19,20,18,15,4,0,19
19-4061.00,Social Science Research Assistants,17,24,26,21,10,14,0,24
21-1013.00,Marriage and Family Therapists,17,21,21,19,15,6,0,21
25-2059.01,Adapted Physical Education Specialists,17,22,22,20,22,0,0,22
27-1021.00,Commercial and Industrial Designers,17,22,23,18,16,6,0,22
29-1021.00,"Dentists, General",17,26,27,19,26,0,0,26
29-1211.00,Anesthesiologists,17,21,22,20,19,2,0,21
29-1215.00,Family Medicine Physicians,17,17,18,18,16,1,0,17
29-1216.00,General Internal Medicine Physicians,17,24,26,22,20,4,0,24
29-1218.00,Obstetricians and Gynecologists,17,20,21,21,19,1,0,20
29-1222.00,"Physicians, Pathologists",17,22,22,19,15,7,0,22
29-1229.01,Allergists and Immunologists,17,18,19,18,16,2,0,18
29-1242.00,"Orthopedic Surgeons, Except Pediatric",17,22,23,20,0,0,22,0
29-2081.00,"Opticians, Dispensing",17,25,26,18,25,0,0,25
29-2099.05,Ophthalmic Medical Technologists,17,37,39,21,35,2,0,37
31-1133.00,Psychiatric Aides,17,23,25,21,18,5,0,23
39-4021.00,Funeral Attendants,17,27,28,23,18,9,0,27
39-7012.00,Travel Guides,17,20,20,17,9,11,0,20
41-2022.00,Parts Salespersons,17,23,24,18,23,0,0,23
41-3021.00,Insurance Sales Agents,17,25,26,20,19,6,0,25
43-3051.00,Payroll and Timekeeping Clerks,17,26,26,17,18,8,0,26
43-4181.00,Reservation and Transportation Ticket Agents and Travel Clerks,17,24,24,18,17,7,0,24
43-5011.01,Freight Forwarders,17,31,31,19,23,8,0,31
43-5052.00,Postal Service Mail Carriers,17,25,25,18,20,5,0,25
43-6013.00,Medical Secretaries and Administrative Assistants,17,21,21,17,15,6,0,21
43-9022.00,Word Processors and Typists,17,25,25,18,22,3,0,25
43-9071.00,"Office Machine Operators, Except Computer",17,25,25,17,23,2,0,25
45-3031.00,Fishing and Hunting Workers,17,31,31,20,12,19,0,31
47-2071.00,"Paving, Surfacing, and Tamping Equipment Operators",17,28,30,23,19,9,0,28
47-2142.00,Paperhangers,17,25,25,19,22,3,0,25
47-4051.00,Highway Maintenance Workers,17,24,26,22,15,9,0,24
47-4071.00,Septic Tank Servicers and Sewer Pipe Cleaners,17,27,29,23,11,16,0,27
49-2093.00,"Electrical and Electronics Installers and Repairers, Transportation Equipment",17,22,22,19,14,8,0,22
49-3053.00,Outdoor Power Equipment and Other Small Engine Mechanics,17,22,23,21,22,0,0,22
49-9051.00,Electrical Power-Line Installers and Repairers,17,29,29,22,27,2,0,29
49-9052.00,Telecommunications Line Installers and Repairers,17,25,25,20,16,9,0,25
49-9099.01,Geothermal Technicians,17,30,31,20,8,22,0,30
51-3011.00,Bakers,17,21,21,17,19,2,0,21
51-3091.00,"Food and Tobacco Roasting, Baking, and Drying Machine Operators and Tenders",17,22,23,22,13,9,0,22
51-3093.00,Food Cooking Machine Operators and Tenders,17,23,25,23,20,3,0,23
51-4052.00,"Pourers and Casters, Metal",17,24,24,21,15,9,0,24
51-4061.00,"Model Makers, Metal and Plastic",17,22,23,21,19,3,0,22
51-6021.00,"Pressers, Textile, Garment, and Related Materials",17,36,36,19,24,12,0,36
51-7011.00,Cabinetmakers and Bench Carpenters,17,22,24,20,14,8,0,22
51-8013.03,Biomass Plant Technicians,17,23,24,19,21,2,0,23
51-8099.01,Biofuels Processing Technicians,17,28,28,18,27,1,0,28
51-9081.00,Dental Laboratory Technicians,17,24,24,20,12,12,0,24
51-9083.00,Ophthalmic Laboratory Technicians,17,21,22,20,17,4,0,21
51-9191.00,Adhesive Bonding Machine Operators and Tenders,17,23,25,23,19,4,0,23
51-9193.00,Cooling and Freezing Equipment Operators and Tenders,17,25,26,23,10,15,0,25
53-2031.00,Flight Attendants,17,28,29,19,26,2,0,28
11-2021.00,Marketing Managers,16,27,27,19,18,9,0,27
11-2022.00,Sales Managers,16,19,19,16,17,2,0,19
13-1041.08,Customs Brokers,16,23,23,19,21,2,0,23
13-1081.01,Logistics Engineers,16,34,34,18,33,1,0,34
13-1141.00,"Compensation, Benefits, and Job Analysis Specialists",16,26,26,17,7,19,0,26
13-2023.00,Appraisers and Assessors of Real Estate,16,30,30,18,21,9,0,30
15-1211.01,Health Informatics Specialists,16,25,26,19,22,3,0,25
15-1231.00,Computer Network Support Specialists,16,29,32,22,29,0,0,29
15-2031.00,Operations Research Analysts,16,21,22,18,21,0,0,21
19-1023.00,Zoologists and Wildlife Biologists,16,17,20,19,12,5,0,17
19-3022.00,Survey Researchers,16,19,20,17,19,0,0,19
19-4092.00,Forensic Science Technicians,16,30,33,20,19,11,0,30
19-4099.03,Remote Sensing Technicians,16,25,26,20,11,10,4,21
21-1022.00,Healthcare Social Workers,16,21,22,21,19,2,0,21
21-1092.00,Probation Officers and Correctional Treatment Specialists,16,24,24,18,19,5,0,24
25-9031.00,Instructional Coordinators,16,33,34,20,12,3,18,15
27-2012.03,Media Programming Directors,16,25,25,19,21,4,0,25
27-2091.00,"Disc Jockeys, Except Radio",16,20,21,17,0,0,20,0
27-4012.00,Broadcast Technicians,16,32,32,17,17,15,0,32
27-4015.00,Lighting Technicians,16,19,20,19,0,0,19,0
29-1122.01,"Low Vision Therapists, Orientation and Mobility Specialists, and Vision Rehabilitation Therapists",16,22,22,17,20,2,0,22
29-1229.02,Hospitalists,16,19,19,16,19,0,0,19
29-1241.00,"Ophthalmologists, Except Pediatric",16,21,21,19,19,2,0,21
29-1299.01,Naturopathic Physicians,16,24,24,21,23,1,0,24
29-9093.00,Surgical Assistants,16,32,36,27,27,5,0,32
33-9099.02,Retail Loss Prevention Specialists,16,22,22,17,21,1,0,22
35-2021.00,Food Preparation Workers,16,36,40,24,28,8,0,36
35-3023.01,Baristas,16,25,25,20,25,0,0,25
39-3031.00,"Ushers, Lobby Attendants, and Ticket Takers",16,26,26,20,13,13,0,26
39-4031.00,"Morticians, Undertakers, and Funeral Arrangers",16,27,27,18,27,0,0,27
39-5011.00,Barbers,16,21,22,19,17,4,0,21
39-9031.00,Exercise Trainers and Group Fitness Instructors,16,28,28,17,19,9,0,28
47-2111.00,Electricians,16,26,26,17,25,1,0,26
49-2095.00,"Electrical and Electronics Repairers, Powerhouse, Substation, and Relay",16,23,24,20,14,9,0,23
49-2098.00,Security and Fire Alarm Systems Installers,16,20,20,19,18,2,0,20
49-9063.00,Musical Instrument Repairers and Tuners,16,32,34,21,17,15,0,32
51-2041.00,Structural Metal Fabricators and Fitters,16,28,30,22,19,9,0,28
51-4021.00,"Extruding and Drawing Machine Setters, Operators, and Tenders, Metal and Plastic",16,22,22,18,13,9,0,22
51-4034.00,"Lathe and Turning Machine Tool Setters, Operators, and Tenders, Metal and Plastic",16,23,25,23,23,0,0,23
51-4191.00,"Heat Treating Equipment Setters, Operators, and Tenders, Metal and Plastic",16,25,27,21,9,16,0,25
51-6063.00,"Textile Knitting and Weaving Machine Setters, Operators, and Tenders",16,24,25,18,12,12,0,24
51-8013.00,Power Plant Operators,16,34,36,25,17,9,8,26
51-8092.00,Gas Plant Operators,16,24,24,18,20,4,0,24
51-9051.00,"Furnace, Kiln, Oven, Drier, and Kettle Operators and Tenders",16,19,21,19,7,12,0,19
51-9151.00,Photographic Process Workers and Processing Machine Operators,16,30,31,19,20,10,0,30
51-9195.04,"Glass Blowers, Molders, Benders, and Finishers",16,17,19,18,3,14,0,17
53-1044.00,First-Line Supervisors of Passenger Attendants,16,22,22,18,0,0,22,0
53-4022.00,"Railroad Brake, Signal, and Switch Operators and Locomotive Firers",16,27,29,20,21,5,1,26
53-7061.00,Cleaners of Vehicles and Equipment,16,23,25,18,18,5,0,23
53-7072.00,"Pump Operators, Except Wellhead Pumpers",16,19,19,18,14,5,0,19
11-3031.00,Financial Managers,15,21,22,18,7,14,0,21
11-3051.02,Geothermal Production Managers,15,20,21,17,15,5,0,20
13-1161.01,Search Marketing Strategists,15,43,44,20,31,12,0,43
13-2022.00,Appraisers of Personal and Business Property,15,18,18,16,17,1,0,18
15-1252.00,Software Developers,15,21,22,18,14,7,0,21
15-2041.00,Statisticians,15,26,27,17,23,3,0,26
17-2011.00,Aerospace Engineers,15,18,18,16,10,6,2,16
17-2111.02,Fire-Prevention and Protection Engineers,15,18,20,18,18,0,0,18
17-3031.00,Surveying and Mapping Technicians,15,31,31,19,17,2,12,19
19-1041.00,Epidemiologists,15,22,23,18,20,2,0,22
19-1042.00,"Medical Scientists, Except Epidemiologists",15,19,21,19,11,8,0,19
19-2041.00,"Environmental Scientists and Specialists, Including Health",15,24,25,19,13,11,0,24
19-3032.00,Industrial-Organizational Psychologists,15,27,28,19,25,2,0,27
19-3034.00,School Psychologists,15,22,24,20,20,2,0,22
19-3093.00,Historians,15,26,28,17,21,5,0,26
19-4021.00,Biological Technicians,15,19,21,18,13,6,0,19
19-4051.02,Nuclear Monitoring Technicians,15,18,19,16,15,3,0,18
19-4071.00,Forest and Conservation Technicians,15,28,30,20,8,20,0,28
21-1015.00,Rehabilitation Counselors,15,20,20,18,17,3,0,20
21-1023.00,Mental Health and Substance Abuse Social Workers,15,17,18,17,15,2,0,17
21-2011.00,Clergy,15,27,27,19,27,0,0,27
23-1022.00,"Arbitrators, Mediators, and Conciliators",15,23,23,17,18,5,0,23
25-1194.00,"Career/Technical Education Teachers, Postsecondary",15,23,24,21,22,1,0,23
25-2056.00,"Special Education Teachers, Elementary School",15,33,36,25,33,0,0,33
25-9044.00,"Teaching Assistants, Postsecondary",15,23,28,22,14,9,0,23
27-1011.00,Art Directors,15,20,20,18,15,5,0,20
27-1022.00,Fashion Designers,15,23,25,17,14,9,0,23
27-1023.00,Floral Designers,15,17,19,18,16,1,0,17
27-2022.00,Coaches and Scouts,15,31,34,21,19,12,0,31
27-4031.00,"Camera Operators, Television, Video, and Film",15,22,22,16,9,13,0,22
29-1214.00,Emergency Medicine Physicians,15,22,22,19,22,0,0,22
29-1223.00,Psychiatrists,15,16,18,18,15,1,0,16
29-1299.02,Orthoptists,15,18,18,15,18,0,0,18
29-2012.00,Medical and Clinical Laboratory Technicians,15,19,21,18,11,8,0,19
29-2051.00,Dietetic Technicians,15,18,21,19,14,4,0,18
29-2052.00,Pharmacy Technicians,15,29,32,21,17,12,0,29
29-2053.00,Psychiatric Technicians,15,22,23,21,17,5,0,22
29-2099.01,Neurodiagnostic Technologists,15,21,23,18,21,0,0,21
33-2022.00,Forest Fire Inspectors and Prevention Specialists,15,22,25,21,22,0,0,22
33-9011.00,Animal Control Workers,15,21,23,17,20,1,0,21
33-9092.00,"Lifeguards, Ski Patrol, and Other Recreational Protective Service Workers",15,17,17,16,11,6,0,17
35-1011.00,Chefs and Head Cooks,15,22,23,18,22,0,0,22
35-2012.00,"Cooks, Institution and Cafeteria",15,22,23,18,17,5,0,22
35-2014.00,"Cooks, Restaurant",15,25,25,20,18,7,0,25
35-9031.00,"Hosts and Hostesses, Restaurant, Lounge, and Coffee Shop",15,22,24,19,14,8,0,22
37-3011.00,Landscaping and Groundskeeping Workers,15,34,35,21,20,14,0,34
37-3013.00,Tree Trimmers and Pruners,15,31,31,16,19,12,0,31
39-3091.00,Amusement and Recreation Attendants,15,22,23,17,10,12,0,22
39-4011.00,Embalmers,15,31,32,18,27,4,0,31
39-9011.01,Nannies,15,22,22,16,20,2,0,22
41-3011.00,Advertising Sales Agents,15,31,31,20,30,1,0,31
43-4071.00,File Clerks,15,22,22,17,15,7,0,22
43-4111.00,"Interviewers, Except Eligibility and Loan",15,19,19,16,14,5,0,19
43-4131.00,Loan Interviewers and Clerks,15,20,21,17,16,4,0,20
43-4141.00,New Accounts Clerks,15,18,19,16,12,6,0,18
43-6012.00,Legal Secretaries and Administrative Assistants,15,16,16,15,12,4,0,16
47-2141.00,"Painters, Construction and Maintenance",15,21,21,16,18,3,0,21
47-2151.00,Pipelayers,15,19,19,18,19,0,0,19
47-2221.00,Structural Iron and Steel Workers,15,24,24,17,18,6,0,24
47-4011.00,Construction and Building Inspectors,15,25,26,18,17,8,0,25
47-4021.00,Elevator and Escalator Installers and Repairers,15,27,28,17,21,6,0,27
47-5013.00,"Service Unit Operators, Oil and Gas",15,20,20,15,13,7,0,20
49-2096.00,"Electronic Equipment Installers and Repairers, Motor Vehicles",15,17,17,17,17,0,0,17
49-9061.00,Camera and Photographic Equipment Repairers,15,16,17,17,11,5,0,16
49-9064.00,Watch and Clock Repairers,15,17,18,18,17,0,0,17
49-9091.00,"Coin, Vending, and Amusement Machine Servicers and Repairers",15,21,21,19,11,10,0,21
51-2031.00,Engine and Other Machine Assemblers,15,17,17,16,13,4,0,17
51-4033.00,"Grinding, Lapping, Polishing, and Buffing Machine Tool Setters, Operators, and Tenders, Metal and Plastic",15,23,26,21,18,5,0,23
51-4062.00,"Patternmakers, Metal and Plastic",15,20,20,17,13,7,0,20
51-6011.00,Laundry and Dry-Cleaning Workers,15,29,30,17,14,15,0,29
51-6042.00,Shoe Machine Operators and Tenders,15,24,24,17,17,7,0,24
51-7021.00,Furniture Finishers,15,25,25,16,15,10,0,25
51-7031.00,"Model Makers, Wood",15,18,18,18,17,1,0,18
51-9082.00,Medical Appliance Technicians,15,18,18,16,16,2,0,18
51-9192.00,"Cleaning, Washing, and Metal Pickling Equipment Operators and Tenders",15,16,16,15,10,6,0,16
53-2021.00,Air Traffic Controllers,15,26,26,17,24,2,0,26
53-3053.00,Shuttle Drivers and Chauffeurs,15,28,28,20,24,4,0,28
11-9199.09,Wind Energy Operations Managers,14,17,18,16,17,0,0,17
13-1041.00,Compliance Officers,14,19,21,17,7,6,6,13
13-2071.00,Credit Counselors,14,24,24,16,22,2,0,24
15-1243.01,Data Warehousing Specialists,14,23,24,17,23,0,0,23
15-1251.00,Computer Programmers,14,23,25,18,19,4,0,23
15-2099.01,Bioinformatics Technicians,14,22,22,16,12,10,0,22
17-1012.00,Landscape Architects,14,20,20,15,20,0,0,20
17-1022.00,Surveyors,14,26,26,15,23,3,0,26
17-2041.00,Chemical Engineers,14,18,18,15,18,0,0,18
17-2199.03,"Energy Engineers, Except Wind and Solar",14,22,22,15,21,1,0,22
17-3021.00,Aerospace Engineering and Operations Technologists and Technicians,14,16,16,15,11,5,0,16
17-3022.00,Civil Engineering Technologists and Technicians,14,15,16,16,7,8,0,15
19-1013.00,Soil and Plant Scientists,14,31,31,21,20,11,0,31
19-3011.00,Economists,14,17,17,14,16,1,0,17
19-3039.03,Clinical Neuropsychologists,14,20,21,15,20,0,0,20
19-3094.00,Political Scientists,14,15,16,15,10,5,0,15
19-4012.01,Precision Agriculture Technicians,14,23,25,17,23,0,0,23
19-4051.00,Nuclear Technicians,14,18,18,15,7,9,2,16
21-1091.00,Health Education Specialists,14,20,21,16,19,1,0,20
23-1011.00,Lawyers,14,29,31,17,18,11,0,29
25-3031.00,"Substitute Teachers, Short-Term",14,20,21,17,14,6,0,20
27-1026.00,Merchandise Displayers and Window Trimmers,14,26,26,14,16,10,0,26
27-3011.00,Broadcast Announcers and Radio Disc Jockeys,14,26,26,15,21,5,0,26
27-4032.00,Film and Video Editors,14,24,24,14,15,9,0,24
29-1071.01,Anesthesiologist Assistants,14,22,22,17,6,16,0,22
29-1229.05,Preventive Medicine Physicians,14,17,19,16,17,0,0,17
29-2011.00,Medical and Clinical Laboratory Technologists,14,23,24,16,20,3,0,23
31-9091.00,Dental Assistants,14,22,22,15,19,3,0,22
31-9095.00,Pharmacy Aides,14,19,19,15,11,8,0,19
33-3021.02,Police Identification and Records Officers,14,19,19,14,16,3,0,19
35-3023.00,Fast Food and Counter Workers,14,32,36,24,20,12,0,32
39-1022.00,First-Line Supervisors of Personal Service Workers,14,19,19,16,18,1,0,19
41-3091.00,"Sales Representatives of Services, Except Advertising, Insurance, Financial Services, and Travel",14,19,19,18,0,0,19,0
41-4011.07,Solar Sales Representatives and Assessors,14,16,16,14,16,0,0,16
41-9011.00,Demonstrators and Product Promoters,14,25,25,19,19,6,0,25
41-9021.00,Real Estate Brokers,14,19,19,14,14,5,0,19
43-4041.00,"Credit Authorizers, Checkers, and Clerks",14,18,18,14,5,7,6,12
43-4061.00,"Eligibility Interviewers, Government Programs",14,17,17,14,9,8,0,17
45-2021.00,Animal Breeders,14,26,28,18,12,14,0,26
45-4011.00,Forest and Conservation Workers,14,21,21,16,4,17,0,21
47-2011.00,Boilermakers,14,22,22,17,20,2,0,22
47-2041.00,Carpet Installers,14,24,24,14,24,0,0,24
47-2152.04,Solar Thermal Installers and Technicians,14,25,26,16,24,1,0,25
47-4011.01,Energy Auditors,14,22,23,15,21,1,0,22
47-5011.00,"Derrick Operators, Oil and Gas",14,20,20,14,20,0,0,20
47-5022.00,"Excavating and Loading Machine and Dragline Operators, Surface Mining",14,18,18,14,11,7,0,18
51-2021.00,"Coil Winders, Tapers, and Finishers",14,17,17,16,9,8,0,17
51-2023.00,Electromechanical Equipment Assemblers,14,16,16,15,9,7,0,16
51-4035.00,"Milling and Planing Machine Setters, Operators, and Tenders, Metal and Plastic",14,19,20,18,18,1,0,19
51-4051.00,Metal-Refining Furnace Operators and Tenders,14,19,22,20,13,6,0,19
51-9023.00,"Mixing and Blending Machine Setters, Operators, and Tenders",14,21,25,20,19,2,0,21
53-1042.01,Recycling Coordinators,14,24,24,15,6,18,0,24
53-5031.00,Ship Engineers,14,19,20,16,18,1,0,19
53-7081.00,Refuse and Recyclable Material Collectors,14,14,15,15,11,3,0,14
11-3051.06,Hydroelectric Production Managers,13,22,22,16,20,2,0,22
11-9199.10,Wind Energy Development Managers,13,16,16,13,16,0,0,16
13-1011.00,"Agents and Business Managers of Artists, Performers, and Athletes",13,16,17,16,9,7,0,16
13-1041.03,Equal Opportunity Representatives and Officers,13,21,21,14,13,8,0,21
13-1051.00,Cost Estimators,13,18,18,13,18,0,0,18
13-1075.00,Labor Relations Specialists,13,28,28,15,20,8,0,28
13-1199.05,Sustainability Specialists,13,17,17,13,17,0,0,17
13-2052.00,Personal Financial Advisors,13,22,22,15,18,4,0,22
13-2061.00,Financial Examiners,13,18,19,16,17,1,0,18
15-1299.04,Penetration Testers,13,23,23,18,0,0,23,0
15-2051.00,Data Scientists,13,17,17,16,0,0,17,0
17-1011.00,"Architects, Except Landscape and Naval",13,25,25,15,20,5,0,25
17-2199.11,Solar Energy Systems Engineers,13,14,15,14,12,2,0,14
19-2031.00,Chemists,13,15,15,14,15,0,0,15
19-4013.00,Food Science Technicians,13,18,18,14,16,2,0,18
27-1012.00,Craft Artists,13,17,18,14,15,2,0,17
27-1024.00,Graphic Designers,13,24,25,17,21,3,0,24
27-1025.00,Interior Designers,13,19,21,17,18,1,0,19
27-2041.00,Music Directors and Composers,13,32,33,16,29,1,2,30
27-3031.00,Public Relations Specialists,13,20,21,15,16,4,0,20
27-3041.00,Editors,13,23,24,16,14,9,0,23
27-3042.00,Technical Writers,13,17,17,14,17,0,0,17
27-3043.00,Writers and Authors,13,21,21,14,6,2,13,8
29-1071.00,Physician Assistants,13,15,17,15,15,0,0,15
29-1213.00,Dermatologists,13,20,20,14,18,2,0,20
29-1229.03,Urologists,13,19,20,16,19,0,0,19
29-1291.00,Acupuncturists,13,19,19,14,19,0,0,19
29-2057.00,Ophthalmic Medical Technicians,13,23,24,14,21,2,0,23
29-2091.00,Orthotists and Prosthetists,13,19,20,14,18,1,0,19
29-2099.08,Patient Representatives,13,15,15,13,9,6,0,15
33-9094.00,School Bus Monitors,13,20,22,17,0,0,20,0
35-3011.00,Bartenders,13,21,21,18,17,4,0,21
37-2011.00,"Janitors and Cleaners, Except Maids and Housekeeping Cleaners",13,25,27,18,12,13,0,25
39-3011.00,Gambling Dealers,13,23,23,14,17,6,0,23
39-4012.00,Crematory Operators,13,14,17,17,0,0,14,0
41-2021.00,Counter and Rental Clerks,13,22,23,16,21,1,0,22
43-3041.00,Gambling Cage Workers,13,17,18,14,12,5,0,17
43-4021.00,Correspondence Clerks,13,20,20,14,9,11,0,20
43-4051.00,Customer Service Representatives,13,16,16,14,8,8,0,16
43-5021.00,Couriers and Messengers,13,16,16,15,12,4,0,16
45-2091.00,Agricultural Equipment Operators,13,22,22,15,10,12,0,22
47-1011.00,First-Line Supervisors of Construction Trades and Extraction Workers,13,18,20,15,18,0,0,18
47-2021.00,Brickmasons and Blockmasons,13,18,18,15,15,3,0,18
47-2231.00,Solar Photovoltaic Installers,13,28,29,15,27,1,0,28
47-3012.00,Helpers--Carpenters,13,24,26,22,21,3,0,24
47-3015.00,"Helpers--Pipelayers, Plumbers, Pipefitters, and Steamfitters",13,24,24,15,19,5,0,24
47-5041.00,Continuous Mining Machine Operators,13,16,16,14,10,6,0,16
51-2051.00,Fiberglass Laminators and Fabricators,13,19,19,14,9,10,0,19
51-4022.00,"Forging Machine Setters, Operators, and Tenders, Metal and Plastic",13,20,21,17,15,5,0,20
51-4032.00,"Drilling and Boring Machine Tool Setters, Operators, and Tenders, Metal and Plastic",13,19,21,18,18,1,0,19
51-6052.00,"Tailors, Dressmakers, and Custom Sewers",13,24,27,16,24,0,0,24
51-6091.00,"Extruding and Forming Machine Setters, Operators, and Tenders, Synthetic and Glass Fibers",13,22,22,14,11,11,0,22
51-8091.00,Chemical Plant and System Operators,13,20,21,16,15,5,0,20
51-9071.06,Gem and Diamond Workers,13,18,18,14,7,11,0,18
51-9162.00,Computer Numerically Controlled Tool Programmers,13,19,20,15,16,3,0,19
51-9195.03,"Stone Cutters and Carvers, Manufacturing",13,19,19,14,9,10,0,19
53-2022.00,Airfield Operations Specialists,13,29,31,19,16,13,0,29
53-3052.00,"Bus Drivers, Transit and Intercity",13,17,19,16,15,2,0,17
53-4013.00,"Rail Yard Engineers, Dinkey Operators, and Hostlers",13,24,26,17,20,4,0,24
53-6021.00,Parking Attendants,13,17,18,15,12,5,0,17
53-6032.00,Aircraft Service Attendants,13,21,22,15,0,0,21,0
53-7021.00,Crane and Tower Operators,13,17,17,14,12,5,0,17
11-3131.00,Training and Development Managers,12,17,18,13,16,1,0,17
13-2041.00,Credit Analysts,12,13,13,12,8,5,0,13
15-2051.01,Business Intelligence Analysts,12,18,18,12,18,0,0,18
17-1022.01,Geodetic Surveyors,12,16,16,13,16,0,0,16
17-2199.10,Wind Energy Engineers,12,16,16,12,3,13,0,16
17-3029.01,Non-Destructive Testing Specialists,12,18,18,12,17,1,0,18
19-2032.00,Materials Scientists,12,16,16,13,15,1,0,16
19-2041.01,Climate Change Policy Analysts,12,16,16,12,16,0,0,16
19-3039.02,Neuropsychologists,12,15,16,13,15,0,0,15
19-3041.00,Sociologists,12,18,20,16,18,0,0,18
23-2093.00,"Title Examiners, Abstractors, and Searchers",12,21,26,16,14,7,0,21
25-3041.00,Tutors,12,21,22,18,18,3,0,21
25-4011.00,Archivists,12,15,15,13,15,0,0,15
27-2012.04,Talent Directors,12,18,20,15,14,4,0,18
27-2012.05,Media Technical Directors/Managers,12,17,17,14,12,5,0,17
27-3023.00,"News Analysts, Reporters, and Journalists",12,33,33,15,33,0,0,33
29-1011.00,Chiropractors,12,16,16,14,16,0,0,16
29-1081.00,Podiatrists,12,15,17,16,14,1,0,15
29-1292.00,Dental Hygienists,12,18,20,15,16,2,0,18
29-2011.02,Cytotechnologists,12,16,17,13,15,1,0,16
29-2042.00,Emergency Medical Technicians,12,15,15,13,0,0,15,0
29-2055.00,Surgical Technologists,12,21,23,15,19,2,0,21
29-2092.00,Hearing Aid Specialists,12,15,15,12,12,3,0,15
31-1132.00,Orderlies,12,24,27,16,9,15,0,24
33-3021.06,Intelligence Analysts,12,25,25,14,17,8,0,25
33-3051.04,Customs and Border Protection Officers,12,14,14,14,13,1,0,14
33-3052.00,Transit and Railroad Police,12,15,15,15,13,2,0,15
33-9031.00,Gambling Surveillance Officers and Gambling Investigators,12,14,15,13,14,0,0,14
33-9032.00,Security Guards,12,18,18,17,17,1,0,18
35-9011.00,Dining Room and Cafeteria Attendants and Bartender Helpers,12,26,29,20,19,7,0,26
39-5091.00,"Makeup Artists, Theatrical and Performance",12,23,24,14,21,2,0,23
39-6011.00,Baggage Porters and Bellhops,12,18,19,16,11,7,0,18
43-3011.00,Bill and Account Collectors,12,18,18,13,16,2,0,18
43-4011.00,Brokerage Clerks,12,13,13,12,7,6,0,13
43-5032.00,"Dispatchers, Except Police, Fire, and Ambulance",12,13,13,13,10,3,0,13
43-5053.00,"Postal Service Mail Sorters, Processors, and Processing Machine Operators",12,15,16,14,3,12,0,15
45-2093.00,"Farmworkers, Farm, Ranch, and Aquacultural Animals",12,19,19,13,10,9,0,19
47-2022.00,Stonemasons,12,22,22,14,20,2,0,22
47-3011.00,"Helpers--Brickmasons, Blockmasons, Stonemasons, and Tile and Marble Setters",12,17,17,14,17,0,0,17
47-4061.00,Rail-Track Laying and Maintenance Equipment Operators,12,27,29,16,18,9,0,27
47-4099.03,Weatherization Installers and Technicians,12,25,25,17,25,0,0,25
47-5071.00,"Roustabouts, Oil and Gas",12,17,18,16,10,7,0,17
47-5081.00,Helpers--Extraction Workers,12,16,16,14,10,6,0,16
49-2091.00,Avionics Technicians,12,16,16,13,15,1,0,16
51-8011.00,Nuclear Power Reactor Operators,12,23,23,15,17,6,0,23
53-3033.00,Light Truck Drivers,12,15,15,14,11,4,0,15
53-3051.00,"Bus Drivers, School",12,19,20,16,17,2,0,19
53-4031.00,Railroad Conductors and Yardmasters,12,21,21,15,14,7,0,21
53-6011.00,Bridge and Lock Tenders,12,22,22,13,12,10,0,22
53-7062.00,"Laborers and Freight, Stock, and Material Movers, Hand",12,14,14,12,4,10,0,14
53-7073.00,Wellhead Pumpers,12,16,17,14,9,7,0,16
11-3013.00,Facilities Managers,11,12,12,11,11,1,0,12
11-3051.03,Biofuels Production Managers,11,14,16,13,14,0,0,14
11-9131.00,Postmasters and Mail Superintendents,11,16,17,12,10,6,0,16
13-1021.00,"Buyers and Purchasing Agents, Farm Products",11,13,13,11,7,6,0,13
13-1111.00,Management Analysts,11,14,15,14,13,1,0,14
13-1151.00,Training and Development Specialists,11,26,27,15,24,2,0,26
15-1255.01,Video Game Designers,11,27,27,12,27,0,0,27
15-1299.07,Blockchain Engineers,11,19,19,14,0,0,19,0
19-1021.00,Biochemists and Biophysicists,11,25,25,14,21,4,0,25
19-1029.01,Bioinformatics Scientists,11,22,22,11,14,8,0,22
19-1031.02,Range Managers,11,20,20,14,18,2,0,20
23-1021.00,"Administrative Law Judges, Adjudicators, and Hearing Officers",11,17,19,14,15,2,0,17
23-1023.00,"Judges, Magistrate Judges, and Magistrates",11,24,24,13,17,7,0,24
23-2011.00,Paralegals and Legal Assistants,11,16,20,16,7,9,0,16
27-2023.00,"Umpires, Referees, and Other Sports Officials",11,18,20,13,10,8,0,18
29-1023.00,Orthodontists,11,13,13,12,13,0,0,13
29-1229.04,Physical Medicine and Rehabilitation Physicians,11,17,17,14,17,0,0,17
29-2011.04,Histotechnologists,11,16,16,12,15,1,0,16
29-2072.00,Medical Records Specialists,11,19,21,16,0,0,19,0
31-1122.00,Personal Care Aides,11,14,14,11,11,3,0,14
31-9093.00,Medical Equipment Preparers,11,18,20,13,14,4,0,18
31-9099.02,Endoscopy Technicians,11,14,14,12,14,0,0,14
33-9093.00,Transportation Security Screeners,11,29,29,18,26,3,0,29
35-3031.00,Waiters and Waitresses,11,28,29,19,25,3,0,28
35-3041.00,"Food Servers, Nonrestaurant",11,14,15,13,13,1,0,14
37-2021.00,Pest Control Workers,11,14,14,12,9,5,0,14
39-2011.00,Animal Trainers,11,17,17,11,12,5,0,17
39-3012.00,Gambling and Sports Book Writers and Runners,11,21,21,12,6,15,0,21
39-5094.00,Skincare Specialists,11,20,21,13,17,3,0,20
43-4161.00,"Human Resources Assistants, Except Payroll and Timekeeping",11,19,19,11,10,9,0,19
43-5041.00,"Meter Readers, Utilities",11,14,14,12,13,1,0,14
43-5061.00,"Production, Planning, and Expediting Clerks",11,21,21,15,11,10,0,21
43-5071.00,"Shipping, Receiving, and Inventory Clerks",11,12,12,11,11,1,0,12
45-2011.00,Agricultural Inspectors,11,20,20,11,2,18,0,20
47-1011.03,Solar Energy Installation Managers,11,16,17,13,14,2,0,16
47-2081.00,Drywall and Ceiling Tile Installers,11,32,34,21,27,5,0,32
47-2082.00,Tapers,11,16,16,12,16,0,0,16
47-3016.00,Helpers--Roofers,11,20,21,15,20,0,0,20
47-4031.00,Fence Erectors,11,23,24,15,22,1,0,23
47-4041.00,Hazardous Materials Removal Workers,11,23,23,11,11,12,0,23
49-2097.00,Audiovisual Equipment Installers and Repairers,11,14,15,13,13,1,0,14
49-3022.00,Automotive Glass Installers and Repairers,11,22,23,13,20,2,0,22
49-3051.00,Motorboat Mechanics and Service Technicians,11,17,17,14,17,0,0,17
49-3052.00,Motorcycle Mechanics,11,23,25,18,21,2,0,23
49-3093.00,Tire Repairers and Changers,11,24,24,15,20,4,0,24
49-9045.00,"Refractory Materials Repairers, Except Brickmasons",11,11,11,11,3,8,0,11
49-9094.00,Locksmiths and Safe Repairers,11,15,15,13,14,1,0,15
51-2092.00,Team Assemblers,11,12,12,12,7,5,0,12
51-4192.00,"Layout Workers, Metal and Plastic",11,17,17,14,12,5,0,17
51-5111.00,Prepress Technicians and Workers,11,19,20,12,10,9,0,19
51-6092.00,Fabric and Apparel Patternmakers,11,20,20,12,20,0,0,20
51-9123.00,"Painting, Coating, and Decorating Workers",11,12,12,11,6,6,0,12
51-9197.00,Tire Builders,11,22,22,14,3,19,0,22
53-3031.00,Driver/Sales Workers,11,15,15,12,9,6,0,15
53-3054.00,Taxi Drivers,11,17,17,13,0,0,17,0
53-6031.00,Automotive and Watercraft Service Attendants,11,17,18,14,10,7,0,17
53-6051.00,Transportation Inspectors,11,17,17,15,12,2,3,14
53-7051.00,Industrial Truck and Tractor Operators,11,13,13,12,7,6,0,13
53-7064.00,"Packers and Packagers, Hand",11,15,16,12,10,5,0,15
13-1041.04,Government Property Inspectors and Investigators,10,14,14,12,3,11,0,14
13-1161.00,Market Research Analysts and Marketing Specialists,10,15,15,12,15,0,0,15
13-2082.00,Tax Preparers,10,13,13,10,13,0,0,13
13-2099.01,Financial Quantitative Analysts,10,21,21,13,13,8,0,21
15-1212.00,Information Security Analysts,10,12,12,10,12,0,0,12
15-2011.00,Actuaries,10,16,16,10,13,3,0,16
15-2021.00,Mathematicians,10,14,16,14,12,2,0,14
19-1012.00,Food Scientists and Technologists,10,13,13,10,13,0,0,13
23-1012.00,Judicial Law Clerks,10,23,25,16,14,9,0,23
27-2032.00,Choreographers,10,18,18,11,17,1,0,18
27-3043.05,"Poets, Lyricists and Creative Writers",10,17,17,10,11,6,0,17
27-3091.00,Interpreters and Translators,10,18,18,10,9,9,0,18
29-1041.00,Optometrists,10,13,13,13,13,0,0,13
29-1125.00,Recreational Therapists,10,13,14,13,13,0,0,13
29-2043.00,Paramedics,10,17,21,14,0,0,17,0
31-9011.00,Massage Therapists,10,15,17,12,14,1,0,15
31-9099.01,Speech-Language Pathology Assistants,10,13,14,11,10,3,0,13
33-9021.00,Private Detectives and Investigators,10,16,16,12,12,4,0,16
33-9091.00,Crossing Guards and Flaggers,10,15,15,12,10,5,0,15
35-2011.00,"Cooks, Fast Food",10,20,21,14,20,0,0,20
37-2012.00,Maids and Housekeeping Cleaners,10,24,27,14,10,14,0,24
39-5092.00,Manicurists and Pedicurists,10,21,21,10,21,0,0,21
39-6012.00,Concierges,10,21,23,14,19,2,0,21
41-2012.00,Gambling Change Persons and Booth Cashiers,10,14,17,14,7,7,0,14
41-9091.00,"Door-to-Door Sales Workers, News and Street Vendors, and Related Workers",10,16,16,14,15,1,0,16
43-2021.00,Telephone Operators,10,17,17,11,10,7,0,17
43-9031.00,Desktop Publishers,10,19,20,11,13,6,0,19
43-9111.00,Statistical Assistants,10,15,15,11,10,5,0,15
45-4021.00,Fallers,10,22,22,12,17,5,0,22
47-2042.00,"Floor Layers, Except Carpet, Wood, and Hard Tiles",10,17,17,14,16,1,0,17
47-2161.00,Plasterers and Stucco Masons,10,18,18,13,13,5,0,18
47-2181.00,Roofers,10,30,31,18,25,5,0,30
49-3091.00,Bicycle Repairers,10,16,16,11,15,1,0,16
49-9081.00,Wind Turbine Service Technicians,10,15,16,14,12,3,0,15
49-9096.00,Riggers,10,15,15,10,14,1,0,15
51-2061.00,Timing Device Assemblers and Adjusters,10,18,18,10,9,9,0,18
51-3021.00,Butchers and Meat Cutters,10,14,16,11,10,4,0,14
51-4071.00,Foundry Mold and Coremakers,10,16,16,11,12,4,0,16
51-6051.00,"Sewers, Hand",10,15,15,13,6,9,0,15
51-8012.00,Power Distributors and Dispatchers,10,16,16,10,14,2,0,16
51-9196.00,"Paper Goods Machine Setters, Operators, and Tenders",10,18,18,14,5,13,0,18
53-4011.00,Locomotive Engineers,10,15,15,12,14,1,0,15
53-4041.00,Subway and Streetcar Operators,10,13,14,11,13,0,0,13
53-5022.00,Motorboat Operators,10,17,19,13,14,3,0,17
53-6051.01,Aviation Inspectors,10,15,15,10,12,3,0,15
53-7041.00,Hoist and Winch Operators,10,15,15,10,10,5,0,15
53-7062.04,Recycling and Reclamation Workers,10,17,17,12,7,10,0,17
53-7063.00,Machine Feeders and Offbearers,10,13,16,13,9,4,0,13
13-1041.06,Coroners,9,23,23,10,22,1,0,23
13-2031.00,Budget Analysts,9,15,15,10,14,1,0,15
17-1021.00,Cartographers and Photogrammetrists,9,15,15,10,11,4,0,15
19-1022.00,Microbiologists,9,16,17,14,15,1,0,16
19-3092.00,Geographers,9,13,13,9,13,0,0,13
27-1014.00,Special Effects Artists and Animators,9,17,18,11,6,11,0,17
27-2042.00,Musicians and Singers,9,29,29,11,19,8,2,27
27-3092.00,Court Reporters and Simultaneous Captioners,9,16,17,13,11,5,0,16
33-3011.00,Bailiffs,9,18,20,17,16,2,0,18
35-9021.00,Dishwashers,9,13,14,10,10,3,0,13
41-9041.00,Telemarketers,9,13,13,10,9,4,0,13
43-9021.00,Data Entry Keyers,9,11,11,10,7,4,0,11
47-2131.00,"Insulation Workers, Floor, Ceiling, and Wall",9,13,14,10,13,0,0,13
49-9097.00,Signal and Track Switch Repairers,9,17,17,14,17,0,0,17
51-8031.00,Water and Wastewater Treatment Plant and System Operators,9,11,13,11,11,0,0,11
11-9041.01,Biofuels/Biodiesel Technology and Product Development Managers,8,18,18,9,10,8,0,18
19-2012.00,Physicists,8,10,10,8,7,3,0,10
27-2011.00,Actors,8,19,20,11,14,5,0,19
27-2031.00,Dancers,8,15,16,11,11,4,0,15
27-4014.00,Sound Engineering Technicians,8,15,15,9,14,1,0,15
31-1121.00,Home Health Aides,8,15,15,10,11,4,0,15
35-2013.00,"Cooks, Private Household",8,14,16,12,13,1,0,14
35-2015.00,"Cooks, Short Order",8,15,17,13,11,4,0,15
37-3012.00,"Pesticide Handlers, Sprayers, and Applicators, Vegetation",8,12,12,8,9,3,0,12
39-3021.00,Motion Picture Projectionists,8,19,19,8,12,7,0,19
41-3041.00,Travel Agents,8,8,8,8,8,0,0,8
41-9012.00,Models,8,12,12,8,1,11,0,12
45-4023.00,Log Graders and Scalers,8,13,13,8,6,7,0,13
47-3014.00,"Helpers--Painters, Paperhangers, Plasterers, and Stucco Masons",8,12,12,11,6,6,0,12
47-4091.00,Segmental Pavers,8,14,15,11,14,0,0,14
47-5043.00,"Roof Bolters, Mining",8,15,15,12,15,0,0,15
53-3011.00,"Ambulance Drivers and Attendants, Except Emergency Medical Technicians",8,11,11,8,11,0,0,11
53-7071.00,Gas Compressor and Gas Pumping Station Operators,8,16,16,9,16,0,0,16
17-3013.00,Mechanical Drafters,7,15,15,8,14,1,0,15
31-9094.00,Medical Transcriptionists,7,19,19,8,15,4,0,19
43-9081.00,Proofreaders and Copy Markers,7,12,12,8,10,2,0,12
45-4022.00,Logging Equipment Operators,7,11,11,7,8,3,0,11
47-2132.00,"Insulation Workers, Mechanical",7,11,12,9,11,0,0,11
51-3022.00,"Meat, Poultry, and Fish Cutters and Trimmers",7,16,17,8,8,8,0,16
53-6061.00,Passenger Attendants,7,13,13,8,4,9,0,13
13-1074.00,Farm Labor Contractors,6,8,8,6,7,1,0,8
13-2053.00,Insurance Underwriters,6,8,8,6,8,0,0,8
19-1011.00,Animal Scientists,6,9,10,7,7,2,0,9
47-2043.00,Floor Sanders and Finishers,6,7,8,7,7,0,0,7
47-2072.00,Pile Driver Operators,6,7,7,6,7,0,0,7
47-2171.00,Reinforcing Iron and Rebar Workers,6,10,10,7,10,0,0,10
47-5051.00,"Rock Splitters, Quarry",6,10,10,7,4,6,0,10
53-6051.07,"Transportation Vehicle, Equipment and Systems Inspectors, Except Aviation",6,14,14,6,3,11,0,14
13-1032.00,"Insurance Appraisers, Auto Damage",5,7,9,8,7,0,0,7
27-2021.00,Athletes and Sports Competitors,5,9,10,7,9,0,0,9
29-1022.00,Oral and Maxillofacial Surgeons,5,14,14,8,11,3,0,14
29-1024.00,Prosthodontists,5,12,14,9,12,0,0,12
29-2012.01,Histology Technicians,5,8,8,5,8,0,0,8
45-2041.00,"Graders and Sorters, Agricultural Products",5,6,6,5,5,1,0,6
53-1041.00,Aircraft Cargo Handling Supervisors,5,6,6,5,4,2,0,6
53-7031.00,Dredge Operators,5,8,8,5,8,0,0,8
39-5093.00,Shampooers,4,5,5,5,4,1,0,5
51-3023.00,Slaughterers and Meat Packers,3,21,21,5,0,21,0,21
